assay_name,target_gene,forward_primer,reverse_primer,probe,genome_start,genome_end,target_type,reference_accession,pathogen_id,source,species_id
CDC_EBOV_NP,NP,TCTGACATGGATTACCACAAGATC,GGATGACTCTTTGCCGAACAATC,AGGTCTGTCCGTTCAA,517,593,RT-PCR primer/probe region,NC_002549.1,ebola,CDC/Trombley2010 NP2,EBOV
Cepheid_Xpert_EBOV_GP,GP,GGGCTGAAAACTGCTACAATCTTGAAATC,GGAAGCCCCGAATCCCGT,CCTGACGGGAGTGAGTGTCTACC,6348,6435,RT-PCR primer/probe region,NC_002549.1,ebola,Cepheid Xpert,EBOV
Cepheid_Xpert_EBOV_NP,NP,GCTCCTTTCGCCCGACTTTTGAA,CTGTGGCGACTCCGAGTGCAA,TGAGCATGGTCTTTTCCCTCAAC,1348,1445,RT-PCR primer/probe region,NC_002549.1,ebola,Cepheid Xpert,EBOV
Ro_2017_EBOV_GP,GP,ACTGATCACAGGCGGGAGAA,GCTGGCCCGAAATATGGTATC,AATTGTCAATGCTCAACCCAAATGC,7509,7650,RT-PCR primer/probe region,NC_002549.1,ebola,Ro 2017 LightCycler/TaqMan,EBOV
Ro_2017_EBOV_VP40,VP40,ATCGAATCCACTCAGGCCAAT,CGACACCTAGAGGAAGCCAAA,AATGTCATATCGGGCCCCAAAGTGC,4618,4779,RT-PCR primer/probe region,NC_002549.1,ebola,Ro 2017 LightCycler/TaqMan,EBOV
WHO_In_country_EBOV_NP,NP,GCAGAGCAAGGACTGATACA,GTTCGCATCAAACGGAAAAT,AACAGCTTGGCAATCAGTAGGACAC,1006,1086,RT-PCR primer/probe region,NC_002549.1,ebola,Huang2012 (probe adjusted to Mayinga ref),EBOV
Roche_TaqMan_EBOV_GP,GP,,,,,,RT-PCR primer/probe region,NC_002549.1,ebola,sequence pending,EBOV
CDC_EBOV_VP40,VP40,,,,,,RT-PCR primer/probe region,NC_002549.1,ebola,sequence pending,EBOV
CDC_EBOV_GP,GP,,,,,,RT-PCR primer/probe region,NC_002549.1,ebola,sequence pending,EBOV
InSilico_EBOV_NP,NP,TCCTCAGAAAATCTGGATGGCGCC,TGTTGCAGGATTGCCATGAATTTA,CTTGATGATCAGGAAAAG,480,2678,RT-PCR primer/probe region,NC_002549.1,ebola,in-silico species-specific panel for EBOV,EBOV
InSilico_EBOV_GP,GP,AGGAATATTGCAGTTACCTCGTGA,TTTTTTAGTTTCCCAGAAGGCCCA,GTGCCGGAGACTTTGCCT,6049,6922,RT-PCR primer/probe region,NC_002549.1,ebola,in-silico species-specific panel for EBOV,EBOV
InSilico_EBOV_VP40,VP40,TATATTGCCTACTGCTCCTCCTGA,ATCACAGCTGGAAGACTTGCAGGA,CGTTCTTCCGCCAGTCCA,4489,5448,RT-PCR primer/probe region,NC_002549.1,ebola,in-silico species-specific panel for EBOV,EBOV
InSilico_SUDV_NP,NP,GGTGAGAGGTTCATGGGCCCTGGG,TGAAGAACAGCAAGGAACTTGTCC,GCTTGATGAACAGGAAAA,468,2663,RT-PCR primer/probe region,NC_006432.1,ebola,in-silico species-specific panel for SUDV,SUDV
InSilico_SUDV_GP,GP,TAGCCTACTCCAATTGCCCAGGGA,CTGTCTCGTTGAGCGATAAAGCTT,AGCTTTCTTCCTCTATGA,6008,6944,RT-PCR primer/probe region,NC_006432.1,ebola,in-silico species-specific panel for SUDV,SUDV
InSilico_SUDV_VP40,VP40,CACTGTGCCGACTGCACCACCTGC,CTGAGATAAGAGCAACTGGCAGGT,TGTGCTACCACCAGTTCA,4464,5423,RT-PCR primer/probe region,NC_006432.1,ebola,in-silico species-specific panel for SUDV,SUDV
InSilico_BDBV_NP,NP,TCCAATCAGAACCTGGATGATGCA,TGCTGGAGGATTGCCATGAATTTA,CTTGATGATCAGGAAAAG,468,2666,RT-PCR primer/probe region,NC_014373.1,ebola,in-silico species-specific panel for BDBV,BDBV
InSilico_BDBV_GP,GP,AGGAATTCTACAATTGCCCCGTGA,GGGTTTTTGTGAAGTTTTTTTATT,AGGTTACGCTTTCCACAA,6031,6919,RT-PCR primer/probe region,NC_014373.1,ebola,in-silico species-specific panel for BDBV,BDBV
InSilico_BDBV_VP40,VP40,AATTCTACCTACTGCACCGCCAGA,CTGACTGGAGGAAGACTAGCAGGA,TGTGCTGCCTCCAGTTCA,4471,5430,RT-PCR primer/probe region,NC_014373.1,ebola,in-silico species-specific panel for BDBV,BDBV
InSilico_RESTV_NP,NP,GACCAGAAGAATCTGGGTGTCGCA,TGCTGCAAGATTGCAAGAAATTTG,CTGGACGATCAGGAAAGA,474,2672,RT-PCR primer/probe region,NC_004161.1,ebola,in-silico species-specific panel for RESTV,RESTV
InSilico_RESTV_GP,GP,ATATCAACTTCTCCAATTGCCTCG,CTTGGACAGTTCCCGCCGGGCTCT,ATAGATTGGCCTCAACTG,6052,7027,RT-PCR primer/probe region,NC_004161.1,ebola,in-silico species-specific panel for RESTV,RESTV
InSilico_RESTV_VP40,VP40,AGTGTTACCAACGGCTCCTCCAGC,CTATTCTGCTTGTCCATGTGATAC,CCACCAGTCCAGCTTCCC,4495,5469,RT-PCR primer/probe region,NC_004161.1,ebola,in-silico species-specific panel for RESTV,RESTV
InSilico_TAFV_NP,NP,GGCCCACAAAGCATGGATGACGCA,TGCTGAAGGATAGCCATGAATTTG,CTCGATGATCAAGAGAAG,474,2672,RT-PCR primer/probe region,NC_014372.1,ebola,in-silico species-specific panel for TAFV,TAFV
InSilico_TAFV_GP,GP,AGGGATTCTGCAATTGCCCCGTGA,GGGTTTTTGTGAAGTTTTTTTATT,AGGACTCGCCTTTCACAA,6037,6925,RT-PCR primer/probe region,NC_014372.1,ebola,in-silico species-specific panel for TAFV,TAFV
InSilico_TAFV_VP40,VP40,CATCCTACCCACGGCACCACCTGA,TTGACTGGGGGAAGACTGGCCGGG,TGTGCTACCTCCTGTACA,4477,5436,RT-PCR primer/probe region,NC_014372.1,ebola,in-silico species-specific panel for TAFV,TAFV
InSilico_BOMV_NP,NP,CAATTCTCGCCAATGGACTACGCA,TGCTGAAGGATAGCCATGAATTTG,CTAGACACAAAAGAAAAG,474,2672,RT-PCR primer/probe region,NC_039345.1,ebola,in-silico species-specific panel for BOMV,BOMV
InSilico_BOMV_GP,GP,GGTTCCAGAAAAACGGCACCAACG,AGCTCTTTTTGAGGTTTTTTTATT,TGCTTTTCATAAGGAGGG,6053,6929,RT-PCR primer/probe region,NC_039345.1,ebola,in-silico species-specific panel for BOMV,BOMV
InSilico_BOMV_VP40,VP40,AGTGATACCGACAGCACCACCGGA,CTTGCGATGGGGAAGCTCGCTGGG,TGTTTTGCCACCTGTGCA,4476,5435,RT-PCR primer/probe region,NC_039345.1,ebola,in-silico species-specific panel for BOMV,BOMV
